[
  {
    "id": 1,
    "title": "周末咖啡交流会",
    "organizer_id": 1,
    "organizer_nickname": "MiniMax测试用户",
    "description": "在温馨的咖啡厅里，和同频的朋友分享生活中的小美好，交流工作心得，放松周末时光。",
    "datetime": {
      "start": "2025-01-28T14:00:00+08:00",
      "end": "2025-01-28T16:00:00+08:00"
    },
    "location": {
      "country": "国内",
      "province": "上海市", 
      "city": "上海",
      "address": "上海市静安区南京西路1168号",
      "detailed_address": "星巴克静安店",
      "location_name": "星巴克静安店",
      "latitude": "31.2304",
      "longitude": "121.4737",
      "place_id": "ChIJN1t_tDeuEmsRUsoyG83frY4"
    },
    "max_participants": 6,
    "current_participants": 1,
    "goal": "分享生活中的美好，交流工作心得，建立温暖的社交圈",
    "target_tags": ["生活分享", "工作交流", "咖啡", "周末时光", "社交"],
    "status": "recruiting",
    "created_at": "2025-01-26T10:00:00+08:00",
    "participants": [
      {
        "user_id": 1,
        "nickname": "MiniMax测试用户",
        "status": "confirmed",
        "applied_at": "2025-01-26T10:00:00+08:00"
      }
    ]
  },
  {
    "id": 2,
    "title": "职场新人午餐聚会",
    "organizer_id": 1,
    "organizer_nickname": "MiniMax测试用户",
    "description": "刚入职场的小伙伴一起聚餐，分享求职经验，讨论职场生活，互相鼓励成长。",
    "datetime": {
      "start": "2025-01-30T12:00:00+08:00",
      "end": "2025-01-30T14:00:00+08:00"
    },
    "location": {
      "country": "国内",
      "province": "上海市",
      "city": "上海",
      "address": "上海市黄浦区南京东路299号",
      "detailed_address": "Costa咖啡人民广场店",
      "location_name": "Costa咖啡人民广场店",
      "latitude": "31.2395",
      "longitude": "121.4824",
      "place_id": "ChIJrTLr-GyuEmsRBfy61i59si0"
    },
    "max_participants": 8,
    "current_participants": 1,
    "goal": "职场新人互助，分享经验，建立职场社交网络",
    "target_tags": ["职场新人", "求职经验", "职场成长", "午餐聚会", "互助"],
    "status": "recruiting",
    "created_at": "2025-01-26T11:00:00+08:00",
    "participants": [
      {
        "user_id": 1,
        "nickname": "MiniMax测试用户",
        "status": "confirmed",
        "applied_at": "2025-01-26T11:00:00+08:00"
      }
    ]
  },
  {
    "id": 3,
    "title": "创业者晚间交流",
    "organizer_id": 1,
    "organizer_nickname": "MiniMax测试用户",
    "description": "创业路上的朋友们聚在一起，分享创业心得，讨论商业想法，寻找合作机会。",
    "datetime": {
      "start": "2025-02-01T19:00:00+08:00",
      "end": "2025-02-01T21:00:00+08:00"
    },
    "location": {
      "country": "国内",
      "province": "上海市",
      "city": "上海",
      "address": "上海市静安区愚园路68号",
      "detailed_address": "WeWork静安寺店",
      "location_name": "WeWork静安寺店",
      "latitude": "31.2198",
      "longitude": "121.4456",
      "place_id": "ChIJ5RgK4eKuEmsRLpD8nL7YfGo"
    },
    "max_participants": 10,
    "current_participants": 1,
    "goal": "创业者交流心得，分享商业想法，寻找合作伙伴",
    "target_tags": ["创业", "商业", "合作", "晚间交流", "创新"],
    "status": "recruiting",
    "created_at": "2025-01-26T12:00:00+08:00",
    "participants": [
      {
        "user_id": 1,
        "nickname": "MiniMax测试用户",
        "status": "confirmed",
        "applied_at": "2025-01-26T12:00:00+08:00"
      }
    ]
  }
]